--
-- PostgreSQL database dump
--

-- Dumped from database version 9.5.13
-- Dumped by pg_dump version 9.5.13

SET statement_timeout = 0;
SET lock_timeout = 0;
SET client_encoding = 'UTF8';
SET standard_conforming_strings = on;
SELECT pg_catalog.set_config('search_path', '', false);
SET check_function_bodies = false;
SET client_min_messages = warning;
SET row_security = off;

--
-- Name: plpgsql; Type: EXTENSION; Schema: -; Owner: 
--

CREATE EXTENSION IF NOT EXISTS plpgsql WITH SCHEMA pg_catalog;


--
-- Name: EXTENSION plpgsql; Type: COMMENT; Schema: -; Owner: 
--

COMMENT ON EXTENSION plpgsql IS 'PL/pgSQL procedural language';


--
-- Name: postgis; Type: EXTENSION; Schema: -; Owner: 
--

CREATE EXTENSION IF NOT EXISTS postgis WITH SCHEMA public;


--
-- Name: EXTENSION postgis; Type: COMMENT; Schema: -; Owner: 
--

COMMENT ON EXTENSION postgis IS 'PostGIS geometry, geography, and raster spatial types and functions';


SET default_tablespace = '';

SET default_with_oids = false;

--
-- Name: auth_group; Type: TABLE; Schema: public; Owner: jorherol
--

CREATE TABLE public.auth_group (
    id integer NOT NULL,
    name character varying(80) NOT NULL
);


ALTER TABLE public.auth_group OWNER TO jorherol;

--
-- Name: auth_group_id_seq; Type: SEQUENCE; Schema: public; Owner: jorherol
--

CREATE SEQUENCE public.auth_group_id_seq
    START WITH 1
    INCREMENT BY 1
    NO MINVALUE
    NO MAXVALUE
    CACHE 1;


ALTER TABLE public.auth_group_id_seq OWNER TO jorherol;

--
-- Name: auth_group_id_seq; Type: SEQUENCE OWNED BY; Schema: public; Owner: jorherol
--

ALTER SEQUENCE public.auth_group_id_seq OWNED BY public.auth_group.id;


--
-- Name: auth_group_permissions; Type: TABLE; Schema: public; Owner: jorherol
--

CREATE TABLE public.auth_group_permissions (
    id integer NOT NULL,
    group_id integer NOT NULL,
    permission_id integer NOT NULL
);


ALTER TABLE public.auth_group_permissions OWNER TO jorherol;

--
-- Name: auth_group_permissions_id_seq; Type: SEQUENCE; Schema: public; Owner: jorherol
--

CREATE SEQUENCE public.auth_group_permissions_id_seq
    START WITH 1
    INCREMENT BY 1
    NO MINVALUE
    NO MAXVALUE
    CACHE 1;


ALTER TABLE public.auth_group_permissions_id_seq OWNER TO jorherol;

--
-- Name: auth_group_permissions_id_seq; Type: SEQUENCE OWNED BY; Schema: public; Owner: jorherol
--

ALTER SEQUENCE public.auth_group_permissions_id_seq OWNED BY public.auth_group_permissions.id;


--
-- Name: auth_permission; Type: TABLE; Schema: public; Owner: jorherol
--

CREATE TABLE public.auth_permission (
    id integer NOT NULL,
    name character varying(255) NOT NULL,
    content_type_id integer NOT NULL,
    codename character varying(100) NOT NULL
);


ALTER TABLE public.auth_permission OWNER TO jorherol;

--
-- Name: auth_permission_id_seq; Type: SEQUENCE; Schema: public; Owner: jorherol
--

CREATE SEQUENCE public.auth_permission_id_seq
    START WITH 1
    INCREMENT BY 1
    NO MINVALUE
    NO MAXVALUE
    CACHE 1;


ALTER TABLE public.auth_permission_id_seq OWNER TO jorherol;

--
-- Name: auth_permission_id_seq; Type: SEQUENCE OWNED BY; Schema: public; Owner: jorherol
--

ALTER SEQUENCE public.auth_permission_id_seq OWNED BY public.auth_permission.id;


--
-- Name: auth_user; Type: TABLE; Schema: public; Owner: jorherol
--

CREATE TABLE public.auth_user (
    id integer NOT NULL,
    password character varying(128) NOT NULL,
    last_login timestamp with time zone,
    is_superuser boolean NOT NULL,
    username character varying(150) NOT NULL,
    first_name character varying(30) NOT NULL,
    last_name character varying(30) NOT NULL,
    email character varying(254) NOT NULL,
    is_staff boolean NOT NULL,
    is_active boolean NOT NULL,
    date_joined timestamp with time zone NOT NULL
);


ALTER TABLE public.auth_user OWNER TO jorherol;

--
-- Name: auth_user_groups; Type: TABLE; Schema: public; Owner: jorherol
--

CREATE TABLE public.auth_user_groups (
    id integer NOT NULL,
    user_id integer NOT NULL,
    group_id integer NOT NULL
);


ALTER TABLE public.auth_user_groups OWNER TO jorherol;

--
-- Name: auth_user_groups_id_seq; Type: SEQUENCE; Schema: public; Owner: jorherol
--

CREATE SEQUENCE public.auth_user_groups_id_seq
    START WITH 1
    INCREMENT BY 1
    NO MINVALUE
    NO MAXVALUE
    CACHE 1;


ALTER TABLE public.auth_user_groups_id_seq OWNER TO jorherol;

--
-- Name: auth_user_groups_id_seq; Type: SEQUENCE OWNED BY; Schema: public; Owner: jorherol
--

ALTER SEQUENCE public.auth_user_groups_id_seq OWNED BY public.auth_user_groups.id;


--
-- Name: auth_user_id_seq; Type: SEQUENCE; Schema: public; Owner: jorherol
--

CREATE SEQUENCE public.auth_user_id_seq
    START WITH 1
    INCREMENT BY 1
    NO MINVALUE
    NO MAXVALUE
    CACHE 1;


ALTER TABLE public.auth_user_id_seq OWNER TO jorherol;

--
-- Name: auth_user_id_seq; Type: SEQUENCE OWNED BY; Schema: public; Owner: jorherol
--

ALTER SEQUENCE public.auth_user_id_seq OWNED BY public.auth_user.id;


--
-- Name: auth_user_user_permissions; Type: TABLE; Schema: public; Owner: jorherol
--

CREATE TABLE public.auth_user_user_permissions (
    id integer NOT NULL,
    user_id integer NOT NULL,
    permission_id integer NOT NULL
);


ALTER TABLE public.auth_user_user_permissions OWNER TO jorherol;

--
-- Name: auth_user_user_permissions_id_seq; Type: SEQUENCE; Schema: public; Owner: jorherol
--

CREATE SEQUENCE public.auth_user_user_permissions_id_seq
    START WITH 1
    INCREMENT BY 1
    NO MINVALUE
    NO MAXVALUE
    CACHE 1;


ALTER TABLE public.auth_user_user_permissions_id_seq OWNER TO jorherol;

--
-- Name: auth_user_user_permissions_id_seq; Type: SEQUENCE OWNED BY; Schema: public; Owner: jorherol
--

ALTER SEQUENCE public.auth_user_user_permissions_id_seq OWNED BY public.auth_user_user_permissions.id;


--
-- Name: django_admin_log; Type: TABLE; Schema: public; Owner: jorherol
--

CREATE TABLE public.django_admin_log (
    id integer NOT NULL,
    action_time timestamp with time zone NOT NULL,
    object_id text,
    object_repr character varying(200) NOT NULL,
    action_flag smallint NOT NULL,
    change_message text NOT NULL,
    content_type_id integer,
    user_id integer NOT NULL,
    CONSTRAINT django_admin_log_action_flag_check CHECK ((action_flag >= 0))
);


ALTER TABLE public.django_admin_log OWNER TO jorherol;

--
-- Name: django_admin_log_id_seq; Type: SEQUENCE; Schema: public; Owner: jorherol
--

CREATE SEQUENCE public.django_admin_log_id_seq
    START WITH 1
    INCREMENT BY 1
    NO MINVALUE
    NO MAXVALUE
    CACHE 1;


ALTER TABLE public.django_admin_log_id_seq OWNER TO jorherol;

--
-- Name: django_admin_log_id_seq; Type: SEQUENCE OWNED BY; Schema: public; Owner: jorherol
--

ALTER SEQUENCE public.django_admin_log_id_seq OWNED BY public.django_admin_log.id;


--
-- Name: django_content_type; Type: TABLE; Schema: public; Owner: jorherol
--

CREATE TABLE public.django_content_type (
    id integer NOT NULL,
    app_label character varying(100) NOT NULL,
    model character varying(100) NOT NULL
);


ALTER TABLE public.django_content_type OWNER TO jorherol;

--
-- Name: django_content_type_id_seq; Type: SEQUENCE; Schema: public; Owner: jorherol
--

CREATE SEQUENCE public.django_content_type_id_seq
    START WITH 1
    INCREMENT BY 1
    NO MINVALUE
    NO MAXVALUE
    CACHE 1;


ALTER TABLE public.django_content_type_id_seq OWNER TO jorherol;

--
-- Name: django_content_type_id_seq; Type: SEQUENCE OWNED BY; Schema: public; Owner: jorherol
--

ALTER SEQUENCE public.django_content_type_id_seq OWNED BY public.django_content_type.id;


--
-- Name: django_migrations; Type: TABLE; Schema: public; Owner: jorherol
--

CREATE TABLE public.django_migrations (
    id integer NOT NULL,
    app character varying(255) NOT NULL,
    name character varying(255) NOT NULL,
    applied timestamp with time zone NOT NULL
);


ALTER TABLE public.django_migrations OWNER TO jorherol;

--
-- Name: django_migrations_id_seq; Type: SEQUENCE; Schema: public; Owner: jorherol
--

CREATE SEQUENCE public.django_migrations_id_seq
    START WITH 1
    INCREMENT BY 1
    NO MINVALUE
    NO MAXVALUE
    CACHE 1;


ALTER TABLE public.django_migrations_id_seq OWNER TO jorherol;

--
-- Name: django_migrations_id_seq; Type: SEQUENCE OWNED BY; Schema: public; Owner: jorherol
--

ALTER SEQUENCE public.django_migrations_id_seq OWNED BY public.django_migrations.id;


--
-- Name: django_session; Type: TABLE; Schema: public; Owner: jorherol
--

CREATE TABLE public.django_session (
    session_key character varying(40) NOT NULL,
    session_data text NOT NULL,
    expire_date timestamp with time zone NOT NULL
);


ALTER TABLE public.django_session OWNER TO jorherol;

--
-- Name: firewalls_firewalls; Type: TABLE; Schema: public; Owner: jorherol
--

CREATE TABLE public.firewalls_firewalls (
    id integer NOT NULL,
    geom public.geometry(MultiLineString,3857) NOT NULL,
    type integer NOT NULL,
    descript character varying(70) NOT NULL
);


ALTER TABLE public.firewalls_firewalls OWNER TO jorherol;

--
-- Name: firewalls_firewalls_id_seq; Type: SEQUENCE; Schema: public; Owner: jorherol
--

CREATE SEQUENCE public.firewalls_firewalls_id_seq
    START WITH 1
    INCREMENT BY 1
    NO MINVALUE
    NO MAXVALUE
    CACHE 1;


ALTER TABLE public.firewalls_firewalls_id_seq OWNER TO jorherol;

--
-- Name: firewalls_firewalls_id_seq; Type: SEQUENCE OWNED BY; Schema: public; Owner: jorherol
--

ALTER SEQUENCE public.firewalls_firewalls_id_seq OWNED BY public.firewalls_firewalls.id;


--
-- Name: id; Type: DEFAULT; Schema: public; Owner: jorherol
--

ALTER TABLE ONLY public.auth_group ALTER COLUMN id SET DEFAULT nextval('public.auth_group_id_seq'::regclass);


--
-- Name: id; Type: DEFAULT; Schema: public; Owner: jorherol
--

ALTER TABLE ONLY public.auth_group_permissions ALTER COLUMN id SET DEFAULT nextval('public.auth_group_permissions_id_seq'::regclass);


--
-- Name: id; Type: DEFAULT; Schema: public; Owner: jorherol
--

ALTER TABLE ONLY public.auth_permission ALTER COLUMN id SET DEFAULT nextval('public.auth_permission_id_seq'::regclass);


--
-- Name: id; Type: DEFAULT; Schema: public; Owner: jorherol
--

ALTER TABLE ONLY public.auth_user ALTER COLUMN id SET DEFAULT nextval('public.auth_user_id_seq'::regclass);


--
-- Name: id; Type: DEFAULT; Schema: public; Owner: jorherol
--

ALTER TABLE ONLY public.auth_user_groups ALTER COLUMN id SET DEFAULT nextval('public.auth_user_groups_id_seq'::regclass);


--
-- Name: id; Type: DEFAULT; Schema: public; Owner: jorherol
--

ALTER TABLE ONLY public.auth_user_user_permissions ALTER COLUMN id SET DEFAULT nextval('public.auth_user_user_permissions_id_seq'::regclass);


--
-- Name: id; Type: DEFAULT; Schema: public; Owner: jorherol
--

ALTER TABLE ONLY public.django_admin_log ALTER COLUMN id SET DEFAULT nextval('public.django_admin_log_id_seq'::regclass);


--
-- Name: id; Type: DEFAULT; Schema: public; Owner: jorherol
--

ALTER TABLE ONLY public.django_content_type ALTER COLUMN id SET DEFAULT nextval('public.django_content_type_id_seq'::regclass);


--
-- Name: id; Type: DEFAULT; Schema: public; Owner: jorherol
--

ALTER TABLE ONLY public.django_migrations ALTER COLUMN id SET DEFAULT nextval('public.django_migrations_id_seq'::regclass);


--
-- Name: id; Type: DEFAULT; Schema: public; Owner: jorherol
--

ALTER TABLE ONLY public.firewalls_firewalls ALTER COLUMN id SET DEFAULT nextval('public.firewalls_firewalls_id_seq'::regclass);


--
-- Data for Name: auth_group; Type: TABLE DATA; Schema: public; Owner: jorherol
--

COPY public.auth_group (id, name) FROM stdin;
\.


--
-- Name: auth_group_id_seq; Type: SEQUENCE SET; Schema: public; Owner: jorherol
--

SELECT pg_catalog.setval('public.auth_group_id_seq', 1, false);


--
-- Data for Name: auth_group_permissions; Type: TABLE DATA; Schema: public; Owner: jorherol
--

COPY public.auth_group_permissions (id, group_id, permission_id) FROM stdin;
\.


--
-- Name: auth_group_permissions_id_seq; Type: SEQUENCE SET; Schema: public; Owner: jorherol
--

SELECT pg_catalog.setval('public.auth_group_permissions_id_seq', 1, false);


--
-- Data for Name: auth_permission; Type: TABLE DATA; Schema: public; Owner: jorherol
--

COPY public.auth_permission (id, name, content_type_id, codename) FROM stdin;
1	Can add log entry	1	add_logentry
2	Can change log entry	1	change_logentry
3	Can delete log entry	1	delete_logentry
4	Can add group	2	add_group
5	Can change group	2	change_group
6	Can delete group	2	delete_group
7	Can add permission	3	add_permission
8	Can change permission	3	change_permission
9	Can delete permission	3	delete_permission
10	Can add user	4	add_user
11	Can change user	4	change_user
12	Can delete user	4	delete_user
13	Can add content type	5	add_contenttype
14	Can change content type	5	change_contenttype
15	Can delete content type	5	delete_contenttype
16	Can add session	6	add_session
17	Can change session	6	change_session
18	Can delete session	6	delete_session
19	Can add firewalls	7	add_firewalls
20	Can change firewalls	7	change_firewalls
21	Can delete firewalls	7	delete_firewalls
\.


--
-- Name: auth_permission_id_seq; Type: SEQUENCE SET; Schema: public; Owner: jorherol
--

SELECT pg_catalog.setval('public.auth_permission_id_seq', 33, true);


--
-- Data for Name: auth_user; Type: TABLE DATA; Schema: public; Owner: jorherol
--

COPY public.auth_user (id, password, last_login, is_superuser, username, first_name, last_name, email, is_staff, is_active, date_joined) FROM stdin;
1	pbkdf2_sha256$36000$2oW17765aycJ$vl6aE1goz+OuAEV9dTd91u+jHASrpe849B/ERy0jo+g=	2018-12-11 10:48:26.152649+01	t	signis			signis.valencia@gmail.com	t	t	2018-12-05 13:12:16.993439+01
\.


--
-- Data for Name: auth_user_groups; Type: TABLE DATA; Schema: public; Owner: jorherol
--

COPY public.auth_user_groups (id, user_id, group_id) FROM stdin;
\.


--
-- Name: auth_user_groups_id_seq; Type: SEQUENCE SET; Schema: public; Owner: jorherol
--

SELECT pg_catalog.setval('public.auth_user_groups_id_seq', 1, false);


--
-- Name: auth_user_id_seq; Type: SEQUENCE SET; Schema: public; Owner: jorherol
--

SELECT pg_catalog.setval('public.auth_user_id_seq', 2, true);


--
-- Data for Name: auth_user_user_permissions; Type: TABLE DATA; Schema: public; Owner: jorherol
--

COPY public.auth_user_user_permissions (id, user_id, permission_id) FROM stdin;
\.


--
-- Name: auth_user_user_permissions_id_seq; Type: SEQUENCE SET; Schema: public; Owner: jorherol
--

SELECT pg_catalog.setval('public.auth_user_user_permissions_id_seq', 1, false);


--
-- Data for Name: django_admin_log; Type: TABLE DATA; Schema: public; Owner: jorherol
--

COPY public.django_admin_log (id, action_time, object_id, object_repr, action_flag, change_message, content_type_id, user_id) FROM stdin;
1	2018-12-05 13:12:56.243616+01	1	firewalls object	1	[{"added": {}}]	7	1
2	2018-12-05 13:13:02.803913+01	1	firewalls object	3		7	1
3	2018-12-07 16:18:20.391501+01	2	hola	3		4	1
\.


--
-- Name: django_admin_log_id_seq; Type: SEQUENCE SET; Schema: public; Owner: jorherol
--

SELECT pg_catalog.setval('public.django_admin_log_id_seq', 3, true);


--
-- Data for Name: django_content_type; Type: TABLE DATA; Schema: public; Owner: jorherol
--

COPY public.django_content_type (id, app_label, model) FROM stdin;
1	admin	logentry
2	auth	group
3	auth	permission
4	auth	user
5	contenttypes	contenttype
6	sessions	session
7	firewalls	firewalls
\.


--
-- Name: django_content_type_id_seq; Type: SEQUENCE SET; Schema: public; Owner: jorherol
--

SELECT pg_catalog.setval('public.django_content_type_id_seq', 33, true);


--
-- Data for Name: django_migrations; Type: TABLE DATA; Schema: public; Owner: jorherol
--

COPY public.django_migrations (id, app, name, applied) FROM stdin;
1	contenttypes	0001_initial	2018-12-05 13:11:34.047208+01
2	auth	0001_initial	2018-12-05 13:11:34.915178+01
3	admin	0001_initial	2018-12-05 13:11:35.11347+01
4	admin	0002_logentry_remove_auto_add	2018-12-05 13:11:35.157514+01
5	contenttypes	0002_remove_content_type_name	2018-12-05 13:11:35.201898+01
6	auth	0002_alter_permission_name_max_length	2018-12-05 13:11:35.224191+01
7	auth	0003_alter_user_email_max_length	2018-12-05 13:11:35.257312+01
8	auth	0004_alter_user_username_opts	2018-12-05 13:11:35.280483+01
9	auth	0005_alter_user_last_login_null	2018-12-05 13:11:35.312954+01
10	auth	0006_require_contenttypes_0002	2018-12-05 13:11:35.324101+01
11	auth	0007_alter_validators_add_error_messages	2018-12-05 13:11:35.350468+01
12	auth	0008_alter_user_username_max_length	2018-12-05 13:11:35.435206+01
13	firewalls	0001_initial	2018-12-05 13:11:35.568563+01
14	firewalls	0002_auto_20181205_1210	2018-12-05 13:11:35.591004+01
15	sessions	0001_initial	2018-12-05 13:11:35.824135+01
34	firewalls	0003_auto_20181205_1221	2018-12-05 13:21:42.217926+01
\.


--
-- Name: django_migrations_id_seq; Type: SEQUENCE SET; Schema: public; Owner: jorherol
--

SELECT pg_catalog.setval('public.django_migrations_id_seq', 34, true);


--
-- Data for Name: django_session; Type: TABLE DATA; Schema: public; Owner: jorherol
--

COPY public.django_session (session_key, session_data, expire_date) FROM stdin;
o2hn3ebzrxlmizgf39y8e9q5af4awax0	YzA4NTBlODUyZGU3ZTFjODk5M2E2OTllMTg4OTEwOTJlYzhhOWZlMzp7Il9hdXRoX3VzZXJfaGFzaCI6ImNmY2I2ZGZlNTQ3M2I4MjU0YTM2NjEzZTEwNGIzYmIyYmY5M2E1NzkiLCJfYXV0aF91c2VyX2JhY2tlbmQiOiJkamFuZ28uY29udHJpYi5hdXRoLmJhY2tlbmRzLk1vZGVsQmFja2VuZCIsIl9hdXRoX3VzZXJfaWQiOiIxIn0=	2018-12-20 20:18:46.742276+01
1wr4zseb2921xe8he5quhcyjijb4brpl	YzA4NTBlODUyZGU3ZTFjODk5M2E2OTllMTg4OTEwOTJlYzhhOWZlMzp7Il9hdXRoX3VzZXJfaGFzaCI6ImNmY2I2ZGZlNTQ3M2I4MjU0YTM2NjEzZTEwNGIzYmIyYmY5M2E1NzkiLCJfYXV0aF91c2VyX2JhY2tlbmQiOiJkamFuZ28uY29udHJpYi5hdXRoLmJhY2tlbmRzLk1vZGVsQmFja2VuZCIsIl9hdXRoX3VzZXJfaWQiOiIxIn0=	2018-12-21 16:18:10.372965+01
pk7aajhra6o5oho52rydfwdyimhhfo4y	YzA4NTBlODUyZGU3ZTFjODk5M2E2OTllMTg4OTEwOTJlYzhhOWZlMzp7Il9hdXRoX3VzZXJfaGFzaCI6ImNmY2I2ZGZlNTQ3M2I4MjU0YTM2NjEzZTEwNGIzYmIyYmY5M2E1NzkiLCJfYXV0aF91c2VyX2JhY2tlbmQiOiJkamFuZ28uY29udHJpYi5hdXRoLmJhY2tlbmRzLk1vZGVsQmFja2VuZCIsIl9hdXRoX3VzZXJfaWQiOiIxIn0=	2018-12-24 16:13:06.59891+01
nc01rcoejl8kf7kskdg06szgvhdebfdl	YzA4NTBlODUyZGU3ZTFjODk5M2E2OTllMTg4OTEwOTJlYzhhOWZlMzp7Il9hdXRoX3VzZXJfaGFzaCI6ImNmY2I2ZGZlNTQ3M2I4MjU0YTM2NjEzZTEwNGIzYmIyYmY5M2E1NzkiLCJfYXV0aF91c2VyX2JhY2tlbmQiOiJkamFuZ28uY29udHJpYi5hdXRoLmJhY2tlbmRzLk1vZGVsQmFja2VuZCIsIl9hdXRoX3VzZXJfaWQiOiIxIn0=	2018-12-25 10:48:26.168968+01
\.


--
-- Data for Name: firewalls_firewalls; Type: TABLE DATA; Schema: public; Owner: jorherol
--

COPY public.firewalls_firewalls (id, geom, type, descript) FROM stdin;
69	0105000020110F000001000000010200000019000000771846880C9FFBC094C7E11234545241F2B92871719EFBC071DBB483395452418C2628FBF29CFBC0101F2C1145545241F58D7486F69BFBC04C29B0954A545241BBBA8E2A5A9BFBC05CF64EA150545241795601518A9AFBC01A6074215654524148D07DAF659AFBC08BD6769558545241A9968A092C9AFBC06C9BDD7F5A5452414E3CC5206199FBC0E07A49FE5E5452410D37CDA7DB98FBC0AB79904C61545241F75195D4B695FBC07C0976AB71545241B218F74F7F94FBC000886B27775452413AFC470A8893FBC009DBF54E7A545241A838F6C17D93FBC0074A51C07C54524144BDD472AE93FBC01FF5EA42835452415ACDEB0E3294FBC0B4D16D9F8D545241DF346E1C6194FBC04EBF0A4C955452417243F2B53D94FBC0AEF598909F54524177F5AFA2CB93FBC0FC24CF4EAE5452414555843A2B93FBC0DF7DE16FBE54524194BD13D27792FBC07242C248D554524131F49B9D0492FBC08CD80815DF5452419B53BE3CC991FBC0A5D30333E65452419A5595DA7E91FBC056B5A046EA54524148A801BAA490FBC00F61FE37F2545241	0	Institut Cartografic Valencia
70	0105000020110F00000100000001020000000C000000A6FCA272BEA1FAC0571FCEADBA4D52415FBB9E16B4A1FAC01D911DF4B94D5241E56DEE7F27A1FAC0FAF3686DA34D52415EA0564FBEA0FAC02E8094F48E4D52417BD06AC965A0FAC041922FBD7C4D5241C431DB651FA0FAC0BCFA68D4664D524169DBAB12BB9FFAC0BB9F5A0E564D524187F43A11A69FFAC0ADC369AF4B4D52412A9A5FC1B79FFAC0A3E34794474D52416FC120F3C19FFAC0CF2DE816454D5241B4A941CADA9FFAC08805EFCD434D52418C81F912E79FFAC0229B422F434D5241	0	Institut Cartografic Valencia
71	0105000020110F0000010000000102000000050000000B9748213E40F2C066DCEBA2596E52413F583B7CDC30F2C071E203EB426E5241789ED14B4A1FF2C0DA66D2C4166E524125E09BF63103F2C082660497CA6D52417B201FA534F4F1C0806007BEA26D5241	0	Institut Cartografic Valencia
72	0105000020110F00000100000001020000002E000000E4D493B66C6CEFC05F18DA89A072524163AA87568F6CEFC0E83932539B7252412E847753786CEFC05530D95998725241AFD972B35C6CEFC012C214E79472524133AA640FDC6CEFC076F8DAF8917252415AD6610DA66DEFC09D34FC148C725241F1D27898086DEFC097A2431185725241E9464CCA176CEFC02983AD547B7252411896E8C14769EFC057CFCE2172725241F2DC57C9C166EFC0837747556C725241C967E1E1BE62EFC08253EFD857725241BC511550F25EEFC0B793A37F47725241C830CDFEEA5CEFC0783C5FF53E725241C61D6CE84559EFC09D42450C3772524162025C477D56EFC05AAF0E84317252419E0B8996CF52EFC097C6717A25725241819FE0F4EE4DEFC0EA9AC73E1C725241E14912E86D4DEFC0780BDEE21972524125C991104F4DEFC0E6943C9315725241B81908487C4BEFC0B42DCC120B725241632D8576984AEFC0BBDDA73504725241A8320F1B5B49EFC0907CE7C9FC715241727E5F4E4D48EFC01DCB00D7F4715241550EC73E7D47EFC0973B85E0EE715241D526CC5B3346EFC08400748AEA715241F0A4FA7B0F45EFC01E3F60E8E271524130142FD95B44EFC080353A56DB715241CCC38B5A2C44EFC08524953AD5715241F8199AD26945EFC03DB1B660CF7152411B17D40E1747EFC05EEC9444CA715241A832B7264048EFC033DBF4B1C3715241119975D8A049EFC0C267C043BA715241BAE50B9AC54AEFC0BD3C4AF2B4715241A8389E5FD14CEFC03BBEF952A87152410CFAC126B34CEFC0340A84D5A3715241DB01FDAA664CEFC06B81B1E098715241250104A6AA4CEFC0092B8C6F92715241BE8C1BB3AE4DEFC062032C588971524113E3C57DF54CEFC09EE1FF6283715241F5AA05B2604CEFC06E717D2080715241DFD8DDF8AE49EFC0E9CC9C997A7152412A23F4091848EFC0555A17427971524153B805754E46EFC0639A1B57797152417BBE1D17CE43EFC01F772D6279715241EC9A48583443EFC0B3AEB18E7771524124FD38A97B3FEFC096585D1C68715241	0	Institut Cartografic Valencia
73	0105000020110F000001000000010200000021000000A4294EDF0736FBC047E70E2587535241CF57FDB80639FBC0AF9AC782925352419DB80F5A5E3CFBC03ADEEAA3A053524118AD0EF20240FBC0CBB52856AF535241F1F01FBD7043FBC0A90B0015BE535241CC63BA5FDC46FBC02D2DFBC5CD535241B5E22EF0A44AFBC0C1A0A6F0DF535241187A823ABD4FFBC017DEBDF8F75352412AF4D9096A50FBC092E91B05FC535241E758E358EC51FBC01283DDE2015452416DC2F0943A53FBC0BA49DF5B08545241736133CFCF55FBC0571B34A812545241545767108657FBC0C0D6A1361A545241177FEBFC7E58FBC085CD9B601D54524102109C8FC958FBC0008B38941D545241EAB37A2A0959FBC0E035A02D1D5452411146CFB5E459FBC083229AD71954524134814036CC5AFBC0A8DDB9FE16545241423F248DFF5AFBC06563A5001554524124275E09DB5AFBC0B797006713545241770D1E0F955AFBC03BE8B6BC12545241BA7A5A6EAF59FBC06F088FE91154524185C64FC3D058FBC0207DCA890F545241AED0166A8158FBC0FDBE5DBA0D545241A888BB4BFE57FBC0DB500DAB0954524193F7C070BC56FBC09028FF1D04545241E3B8BF4E5755FBC029B48C06FF53524162EED844F152FBC05B4DAB91F1535241DC7E7D15D24DFBC05BDAA3B7D953524133CA4FFACA49FBC0CEF5FFF4C8535241162EF43BE045FBC0DAACF3B3B953524107F98F3BC643FBC0012260FAAF535241378182BA1838FBC025112B627C535241	0	Institut Cartografic Valencia
99	0105000020110F0000010000000102000000430000000EF42BA801A2F5C0F5A65CC10A7352418E7BF7697FABF5C01E313CAF4073524114D3D19F83AFF5C0F06CD70C49735241D1F66FF8F5B7F5C0A6FD770857735241C98602188ABDF5C03BFC7F896373524113F70F9BBEC1F5C079FDC8836D735241EF3A837335C4F5C06A980F2670735241830D606FDFC9F5C046632AB76E735241897C53B607D0F5C0609EACBA6D735241BCB723A57DD3F5C02E4F0CAA6F7352414A79877458D5F5C0621EDEA074735241102CABF030D8F5C0FD0BB8068A735241EA390DE8F6DAF5C0F468C2089B7352410660B9A12DDEF5C0CDB8E3E9A473524182CD94C5A9DFF5C02CFB5975A57352410593C7B9ABE3F5C00D4D66149F7352415892B4E286E6F5C0708A6F8CA273524180A5EFEFC2EAF5C020B937BFA77352416E27F3391EECF5C01940710FAD735241464E8FA061F0F5C0956AFFD0BD7352410F638C7663F4F5C048C509C6C773524185F136256FF8F5C0ED6822B2DB73524197EDEE9EC7FCF5C046E2CA3FEF7352418B8738CAC804F6C03B8DD51715745241E1C190D90407F6C0A32A32E21C7452413F86609F930AF6C084A1BD391F745241913EB2190B16F6C0A0A0E9FD15745241B9DCE068C81BF6C0305DED3508745241A30B370BD023F6C0EE51680FF97352414514F72AC625F6C0F602B7D6FC735241F28628AD312DF6C0D24E92072174524130C707223633F6C0EF69FD2237745241EC7A5273A939F6C00747204F47745241965A66A4403EF6C0ECF47F5053745241424A36C03945F6C09C53F87D6F745241DA78B830F74CF6C0FA0FC820907452410F61935AB054F6C06854478DB3745241644877025757F6C0B645CA31B874524175AFA104CF5CF6C011EC9356B6745241055921427E66F6C069E37986AC745241EDBF5E99756FF6C0E61967A0A67452410AB31FC0D779F6C0402A72159C745241886A5B68D086F6C04EB2DA3290745241149C691E838AF6C02F68FAC68B745241859FB9C8AF8CF6C05843412F8D745241BA57846C5D91F6C05B7156309B745241478457375E98F6C0D7ADA795B27452414A8BB16A4BA1F6C072153A21D4745241CE6C218690AAF6C008BB0723EE74524115C51329B6B0F6C021CDB478FF74524136C48F3F64B9F6C0AB4CAF9F187552419797EC5EAAC1F6C0229A9554337552415D40815C7FC8F6C0249A3F53467552411717115562CBF6C08984B159557552416A2681810ECDF6C0E223333E687552414A45A47BBFCDF6C00AAF2CC989755241CA92949311D3F6C080FE939EA075524185FD7B5F67D8F6C0F4453410B5755241E359AB2A2DDBF6C03AB925A3BE7552411FE15554E9DFF6C0253BD44FCB755241273E561FCAE6F6C062931CBDD6755241B40D860C28EEF6C04DF88568E37552415DFFD576CFF6F6C0381FC699F07552416A6E343536FCF6C0DB7C301EFA755241C202A85361FCF6C077C3331DFB7552415EF23E6223FDF6C0CBECE298FF755241AD2497B458FDF6C071027E2423765241	0	Institut Cartografic Valencia
103	0105000020110F00000100000001020000004F00000051DF698C0BB8FAC0E3C39489AE505241A8AD2BC437B8FAC0D3794CEDAE505241E6EB260B3BB9FAC0DCB367DBB150524149017CE8B0B9FAC0BDB26013B35052412D3D47BCC9BAFAC0CA7DAC6AB4505241923A5EC600BDFAC094D8783BB65052417E009F23B3BDFAC00F25B14FB65052417C37D9366EBEFAC094E562A9B55052418A05C963B6BFFAC04B1B73DDB1505241BEC68FA14EC0FAC05B2C8A13B1505241BFC1B6C3C0C0FAC0107858FDB0505241135814D948C1FAC00154CE7FB15052418CDD96D6AAC1FAC01C06EF43B25052416F7A3C2BFDC1FAC028E64B1CB3505241247332964EC2FAC0BE511D73B450524170AF5E757DC2FAC07E187E0BB7505241363B8A6B50C2FAC0415EFC67B950524173FF801752C1FAC0679167E4BD505241CF834C6BF5C0FAC04585BAC9BF50524165F7432AA6C0FAC08DE33E07C350524167F268C32FC0FAC05FF12726C95052410484DB4209C0FAC01A1CE493CB505241C51557CF09C0FAC01064FFA4CC5052414A55D02AD9C0FAC0884A4680CF505241ECD67937E7C1FAC035BBBF74D35052419148D5A33DC4FAC0F4782482DE505241FB392A8087C5FAC040463E21E45052418C5DADC49AC6FAC0A5DB691CEB505241FAE18B24DAC7FAC059EE5362F0505241B68D026727C9FAC0E61E7914F55052413C96D5AB46CAFAC05610A6C1F9505241749BBC8504CBFAC0FFD7809A005152414DD0D32E67CCFAC0D50E90F20B51524135F59575B2CCFAC0DC34C823105152413F22C679C9CCFAC04195F8F51651524143D8C35F0CCDFAC076346653195152418DAC0CD0BDCFFAC021CCF15C2B5152415B5A88EADCD0FAC0055586C2315152410271D7B30AD4FAC0038E40514751524144F56FAC9FD4FAC03AD8DA914A515241B3FA2E11A1D6FAC0A3AA86BD50515241E9E2CDA5CBD7FAC08EAABBCC56515241C93B86563DD9FAC0796C78D5635152415C7135F47BDAFAC0D69B7DD072515241648DCEB94DDBFAC09A30AF1D7B5152416F3A7BFFC8DBFAC0EFEDB4877F515241F0B28CF06EDCFAC0C814F018835152416095BC6C22DDFAC00B9FA00D87515241AC1CF62418DDFAC0A1ABCB34935152411F049F584EDDFAC01E3239F99951524134A82C82B3DDFAC0BFF8E97B9E5152414B3449A4B2DEFAC06E06C9CCA55152415851E3455ADFFAC06049BFC8A9515241D8EE2C0014E0FAC08D7A484AAD515241FF1B236DE8E1FAC058B0E556B451524150E23310A2E3FAC0E91BC5F7B9515241814DEFA413E5FAC0F352C355BC5152415410C7EA74E5FAC0B8D1E777BD5152413237FCD3C3E5FAC0B973CFF9BE515241D744B37903E6FAC04A657B07C251524164EDB685E0E5FAC020E0E122CB5152414DFDB1C2C7E5FAC0917ACA4AD05152414F43582BEBE5FAC0F3253A11D2515241826210F72AE7FAC000C613BBD3515241018F8E7C35E8FAC0AC25806DD75152410C122AFEE6E8FAC058D52CA7DD5152410BE20E3B7DE9FAC02252C1A0E151524152BF9A081EEAFAC010E9954CE45152416DA78CA634EEFAC058C688FDED5152417C9BED5B16F0FAC059ED35B7F25152417A68990B4DF4FAC078403BFCF95152416900B74CBBF4FAC01CE5419DFB515241CC17DBB00BF5FAC07E7F69AD04525241F88DA9D460F5FAC097C8B75D085252419576270D92F6FAC0B85F799D0F525241359659154DF7FAC038ED463C135252414B94EBD5C5F7FAC078B021E613525241066A838E31F8FAC04BE526D01352524195DED3ADDCFAFAC0087D57E00F525241	0	Institut Cartografic Valencia
74	0105000020110F0000010000000102000000050000008F4D52C1FAB1F1C08E276083FB6C524112418A2EF699F1C0032952FAD26C524105DD971DBF8EF1C088DD133AC06C524166C33EB73E81F1C0E786E936A86C52412F41996F027AF1C05163AD429B6C5241	0	Institut Cartografic Valencia
75	0105000020110F0000010000000102000000120000001E364C0DE1AAFBC0E9AAFC857A4E52413B6E24DC31ABFBC0DD28C8177A4E524194E3C9E95EABFBC01BDC2BE3794E52416519A76C98ABFBC05DCC3013794E5241B0EF8EE0C2ACFBC0B348A14D734E5241B1F10DC4CAADFBC0A9E0BB596D4E5241191610E637AEFBC031B39CA36B4E524175ECC0ABC1AEFBC0D54AC6316A4E524125A5568C5FB2FBC051C1EEDE624E524180F43C9C7FB2FBC0D41B5A9E624E5241C001E951A5B2FBC0367E4854624E524198E824D0A7B3FBC04759AD37604E5241042C4BF059B4FBC04C0B8A675F4E524183D0FC47EFB4FBC0DA131F505F4E52413F2C451F6DB7FBC001DCE001624E5241C5E6809B6CB9FBC0894ECA9F634E5241A35A2F95E0BBFBC0A9186314654E52414E7380596ABEFBC0ED64EADE664E5241	0	Institut Cartografic Valencia
76	0105000020110F00000100000001020000003500000051CCE54D6B66EFC0B05261CC03735241F964EC53E462EFC02B1DBF0307735241C4E65B225C61EFC0727FEF0108735241B02DD1BEB460EFC0E3E4DC1F0A73524184E514D8E05FEFC0C3048B821273524165A0C040985EEFC0F1698BF3147352415311BA6BE55AEFC0CDF8C29E17735241455562554F58EFC0BAEFD44C17735241593604575353EFC0FE50E8F3157352412414D6CC3851EFC036BAE6F712735241A2C3AFDAC24EEFC019CEEBF60F735241041D57DDC64DEFC0C9582117107352411DF0C90ED94CEFC039F8FABA12735241FF3FADF9894CEFC02D474EC31573524155E1D7AF804CEFC0D641977318735241B328993DF34BEFC09B9654AD1973524118F36EE2E649EFC068B5F534197352412F7A96DFE246EFC03C17989B17735241AE96C7761E44EFC01B8E0A75177352410A3689D4DE41EFC0CAC4259718735241C3AFC32BAC41EFC021D6BE031A735241823120BB5043EFC04CF1DC0C1E735241E5C58A3B0B46EFC00C0F9711217352418D5291575947EFC0DA73A5A62373524127381BC41848EFC07BFC36D127735241F2533831F147EFC092B9E4A62C735241EB678CD75445EFC08A5FD5C234735241BD2F1294D042EFC027883F843C735241E4CC48DDC740EFC0C5BC969B4173524113CFE1C42F3EEFC0103261194F735241197B58FF223BEFC0D79374A556735241A3EF003F6A3AEFC0EE7538C85D735241A8761ECF4838EFC067BDFC6763735241FD525BB61237EFC037A3701B67735241B0967B7BD036EFC019884CA673735241D2F3D1E56D37EFC077ADA2097B73524187B38253E137EFC08ADB295781735241C8B3F5767A3AEFC0DA13C86687735241E66E2A3A3E3BEFC05EA92E508A7352411BA197639F3BEFC0D38F3EE28D735241C364675A403CEFC009AB31088F7352418C5E221A763EEFC0D16449C4907352419D29FE583840EFC0DF01EFD5927352417F90C4C25C40EFC0A488BD8895735241F69199145C3EEFC0904F944B98735241F23C7A0CC93DEFC0FEB752229B735241DD15EDE52D3BEFC0E85D90E2A27352414BEB53A35E39EFC09FB18F94A47352415793BC78DE37EFC094EE303EA37352414D910FADBE36EFC02651B17DA07352411DDF62109835EFC07C9FF6B59F735241D96698FB0D34EFC0651DCD3DA17352418246C5F90431EFC090ED7C13A1735241	0	Institut Cartografic Valencia
77	0105000020110F00000100000001020000000E00000035EA2CD42BE2EEC0BF7C4F6F45715241D8172B28C1EAEEC0A58D578E37715241315105256EEFEEC0BBDC8407287152415D99223311FCEEC09BE7C86E11715241E7BC9024E407EFC0D180203101715241390055501C0AEFC01F0DFD92FB705241B0D21B42970CEFC04A9F92DFEF7052414B8FF299CD13EFC0D260E7E2EA7052418038B41D081DEFC04718F8B2E870524107CF9316CB26EFC0C6E256B8E67052419E73D74BEA2CEFC06605AC1BE37052418D6ACE4E3233EFC08C11DA4DDA705241A27923A3EF39EFC04133DDA0D0705241E52DC364F83EEFC06CF8BE93C7705241	0	Institut Cartografic Valencia
78	0105000020110F00000100000001020000000300000094B9C20B88A0F1C0B9F52F5EDB6F5241E0C28257C8A0F1C0138DE246D06F524178A7356D90A1F1C044631EB4AA6F5241	0	Institut Cartografic Valencia
79	0105000020110F00000100000001020000001A000000E0C28257C8A0F1C0138DE246D06F5241D5C1FEC45396F1C0C9C3D311B66F52416FE4A6E77D91F1C007951771AA6F5241153EC37D5B8AF1C04823E6579B6F5241CE47770BB682F1C007131AFA7A6F52414EC33E59F675F1C02530B153416F52417796181A1E70F1C0C68F9F442C6F524137DEDE7E906BF1C0BD5D95841E6F5241521F265FD568F1C0DBBE8DD9186F52410C4BFF1A4B68F1C080D08582196F52414BC24BDC9466F1C04953BFD61B6F5241E58E66B87D63F1C0EE153F1E246F5241B8DA584D6D61F1C081374EB1256F52410963B8A97C5EF1C0B5BCFDA9246F524114CDD644045CF1C051106019206F5241B33235936456F1C0DED8283C126F52414555EDF8814EF1C09A31F6CA086F52418E69B3A3F647F1C0021F4722FF6E5241B3F65091183FF1C0027A839BF56E524112BC4F2EDC38F1C0E65F977DF36E5241A67B9C070636F1C091171852F06E524174E45E301132F1C0975388EFE66E524169B42AD8192CF1C0CCD8E6E1D66E5241375B54CEA328F1C037935DA5D36E524170D472464D20F1C05395B53ACB6E52417E5E9317BE1DF1C064D875A7C66E5241	0	Institut Cartografic Valencia
80	0105000020110F00000100000001020000000E00000043A3F3B87332F1C0F0771B92327452410702B8DFA42DF1C0471938221F745241B3F44647D828F1C03E27B3C20D74524150000BCC6D23F1C086607779FE735241B2BD578C291AF1C07D698A92F07352419C8C22475912F1C08C80CDDFE57352419AB668340310F1C04F780724E17352415E2ADD8D9E0BF1C078BE4497D273524116337E9E1008F1C032C367B3CF735241DD8221CAB8FEF0C0288D7E0ACA7352417A133803D1F9F0C0A098E8CCC8735241D88B077CFFF4F0C0159580EDC7735241D63E4597DEE9F0C0D5638413C2735241F092E1E6E4D9F0C04CBD0085B8735241	0	Institut Cartografic Valencia
81	0105000020110F00000100000001020000000A00000087857EEED347EFC0155CEA9224735241F6B01206C24AEFC0E9C535E625735241F8422E7B294DEFC0BA4D7F7A26735241053633FC4C4EEFC05E78A22728735241D70C3BC7EE4EEFC0535B31F82A735241587C7C9E5050EFC0D29F6FC531735241B36654040852EFC0CDDF0EFA36735241F4A5427DCB53EFC0D4FBE5AF387352415EDF8191F454EFC0BA210FC0387352418CDE6E3EFD56EFC0B5E238FA36735241	0	Institut Cartografic Valencia
82	0105000020110F000001000000010200000015000000ADEF54BFF284F5C01AE5146D0B7652414F16F76B9984F5C099BC901008765241340AE65F7F82F5C04963D1BBF27552413D78F2F4FF81F5C0D05CAEE9EA75524159ED64FF0687F5C0C9BA971CD0755241BA77101ECC8CF5C02A436295B5755241F5397BD10692F5C050DB6E349A755241E13C68085296F5C09CBC2AB5857552416649C2B6079AF5C0DEA4035C6F755241A97AC7C3A795F5C08F866194607552414F6FA221338DF5C0520493A543755241F66B40BCE288F5C0B8376014337552413D4B5A699E86F5C013D0627E2875524134211D3B5185F5C0C663BD371A755241D131C3647784F5C0E78A30380375524140969A026B84F5C07EAE50E0F27452419FDC4DA16B84F5C0A92C2A33D2745241C170ED365584F5C0E76B0D17B87452419FEE684BE883F5C0605E266294745241DE1F543ECB82F5C0CACB4FC07F745241785C195FEA81F5C01E99BD4D75745241	0	Institut Cartografic Valencia
83	0105000020110F00000100000001020000003A000000FE3FC80F4268FBC02780EDEF8D4F5241F02D17A19668FBC0FB6BA1C28C4F52416937EDFBAC69FBC0671AC89D8C4F524177D2BD5BA86AFBC0C6B806E98B4F5241E3DC59B3086BFBC0898043598B4F524178E24153DF6BFBC0A16E8F198A4F5241D52543836D6DFBC0806BB5EE894F5241EB20CF7A4C6EFBC0C4C1170F884F524176BA7D745670FBC053B28A72834F5241EF7CC755FA70FBC0AD45E9E0814F5241DC5D51C8EB70FBC003CAF58E7F4F524120727A086370FBC0D95413C5734F524123CBBA382170FBC0647222CA714F52418F9391B3646FFBC0F5328A586E4F52414BED91924F6EFBC0B11F3B986C4F5241CD7DE8FA1B6DFBC0DFD9C5E56C4F524108F36763226BFBC01A542FA86C4F5241D4B7B350316AFBC09ED586A56B4F5241837C8407FE67FBC080B8717E674F52410FAA9E0FAD63FBC0226638CF5C4F52412B00715F5B62FBC0DB610C64564F5241B818E34E5F62FBC0D0BA4F4F534F5241626681049562FBC0C18D785A504F524137261BCDE562FBC0D2C4BF814F4F52412D071C4B9963FBC00EF010814F4F5241110499169965FBC0C64D2D7C504F5241E4E65E9A7966FBC095B49454514F52412E7DFE573A68FBC0D8B482B34F4F52414480E0367D6DFBC0F64C31334F4F52413B9AED001E74FBC0BC83E4C54D4F5241D4AD6CBA1D76FBC01E7FF1A04D4F5241A7A5D9591779FBC081E911614D4F5241E0AE4E858D79FBC0B0E38BEA4C4F5241994F065E217BFBC06E7253144B4F5241DB0CB4D29E7DFBC0232F3DAA494F5241D63F79AFBD80FBC050D91167474F52414D5E6FDEF781FBC063E971FA464F52415D62F33F208BFBC0E6DD9AA8384F52414FCAC97F458BFBC0A19DA767384F524113D4A6B9838BFBC0C665D2ED374F5241DA344E71E58BFBC0F512563D364F5241084842F3198DFBC0F779BB892F4F52415DE8D6CD988EFBC0560B6D85264F5241235B240AFD8EFBC069C0BC7B234F52419863CE9F728FFBC08B6E0B00154F52412667B0A2B38FFBC03760112A144F52416CB6E573E790FBC0240EB012124F5241F58EDA89D595FBC07049A8E5094F5241A433ADDCAD9AFBC04A3BC16B014F524192B776FC5D9DFBC047B502D3FC4E524183EB6FA8EBA1FBC09D291A5EF44E524169D6AA4D98AAFBC0D6EA1825E74E5241AB1556EFD2AAFBC017492A03E74E5241E18C79DA24ABFBC0FD054862E64E52415A770B5921ACFBC082F9629AE54E524119698B1EB0AEFBC0324BD4ACE44E52411C1E236F52B0FBC0BE46B535E54E5241FACCEDDF76B0FBC041A3423CE54E5241	0	Institut Cartografic Valencia
84	0105000020110F000001000000010200000027000000D72FFD6EDBB2FBC049E312EB565452412FA566DADFB2FBC04821CDE75754524163C7B9830AB3FBC0A29ACD91595452411A13B18D0BB3FBC0526AEF565B5452413555EAE6EFB2FBC0F07017B85C5452410FEAD76EA5B2FBC0543F5F795D54524105BA9F2717B1FBC069F134D45C54524132292938D9ACFBC0AD76BA8F5E54524190F61643EBABFBC0667F287D5E54524120C444868DAAFBC0C1954DAF5D5452412453444E21AAFBC07051E3A15C54524121F20738A2A9FBC0A6F4601A5A545241DF8AFF9F9DA7FBC0B03C28B951545241E31062CEA3A5FBC081C1BA5148545241ED0A832C6DA3FBC048B34C944054524153F2D3EA76A2FBC0E6A866013E5452413C9702E718A1FBC0DBA1D7303B54524106A22839EBA0FBC05A9242613B5452412C529738B0A0FBC030A70E323C5452411ADF7B2428A0FBC0A17A949E3F5452414A955C355B9FFBC07C9891964654524103DE6E4C749EFBC0C5C4726A4C5452414E641AC1749CFBC0245EA40958545241F9C2F0C6BB99FBC0DE2B89E069545241B138BAC76898FBC03862480F7154524158F49E066D96FBC0876E401879545241144B0A3A3496FBC084CC17D97A5452417CF68E852296FBC0820458FF7D545241DCC635244996FBC0FCAC8BF790545241A7DF62629196FBC08A48F1949D545241F8F6DA509096FBC06E6AB0BAA1545241F14BECEA5296FBC0B86C5374A6545241877C029A1E96FBC079F4B7CEB0545241196D7EDC5A95FBC053307D44C5545241BA79558DCC94FBC04BB1466FCE545241912BBF338294FBC0EE211B20DE545241258826E10794FBC0F59BCC77E55452417AE6BBD5B393FBC0B4811E6EEC545241A603F6B54893FBC00F61FE37F2545241	0	Institut Cartografic Valencia
85	0105000020110F000001000000010200000008000000DF284E3AA77AFBC0734452500D4E5241F088CECD527BFBC056C2CCA50E4E52418037185BAF7BFBC07B02F4E10F4E524161D8015D147CFBC068486FE9124E5241B88DB71C437CFBC0857D3F79154E524160FDFBA9427CFBC00B526CE1184E5241D17E740E067CFBC037FFA627204E52416876547C5D7BFBC0242F5CBF284E5241	0	Institut Cartografic Valencia
86	0105000020110F0000010000000102000000030000007DDA7B8846FDFAC0467D5B5C2F4C524148182F08E8FDFAC0CAD7347B314C524172ADD1646FFFFAC0F248BFD5334C5241	0	Institut Cartografic Valencia
88	0105000020110F00000100000001020000001300000001C00B2295A7FAC01FF2D9E6324F52413A6B73ABBAA7FAC0CD70BEE2324F5241FC1D935DD6A8FAC0C4772652314F524106CAAE5FFAABFAC0774AE41F304F5241D0293C9092ACFAC0D34640CE304F5241B3CE46C84FADFAC0A12F3094344F52415297339109AEFAC0AD7125B2364F52414A4B667169ADFAC0B5ABE88F3B4F524143F9E62DA0ACFAC048C5A8EE4A4F5241134DC62C76ACFAC05C50F7154F4F5241A1E21D4E6FACFAC0EB5CAA2D544F5241CED717F933ACFAC01F9DACA25D4F5241787D125933ACFAC08AF9CA8C614F52411CA6544650ACFAC094C184AB654F52411C24571397ACFAC0AB7A06C9694F5241103AC34F65ADFAC04131DE09724F5241EB5A11DDEEAEFAC03C4E2279844F524169BEE59DBCAFFAC070E01B9E8B4F52410EBDAE9B3EB0FAC0238F31D3914F5241	0	Institut Cartografic Valencia
89	0105000020110F00000100000001020000000D000000E120716A4E2DF8C0D12219BA474C5241117FD1898828F8C0E86B7E033B4C5241838767BBDB25F8C088C36A37354C52411E99932B9F20F8C0CDC36713284C52412FF1851D861EF8C0D0505F68224C5241ABBC168D331CF8C09EF3BED91B4C5241CDA8AD1AF716F8C0AD587CF50D4C5241A2CF859F0A10F8C06929EA82FC4B5241BF3219243B08F8C0A81695D9E74B524153F8DEB23801F8C058396F93D64B5241BBF2BF4FA8FBF7C07CCD3B57C84B5241FDF02575DAF8F7C0223B92AFC14B524175E0642EA5F8F7C007A5E104C14B5241	0	Institut Cartografic Valencia
90	0105000020110F00000100000001020000000A0000005143D571834AFBC0C126C5F9794D5241C9C6F89EAA49FBC03B82687D7B4D524187DC93415149FBC035B7D2D17B4D52416415F1921B49FBC0238059637B4D52418BD4C06B2D49FBC07081957D7A4D52411684E545F448FBC027759642784D5241401A11AE2247FBC026BD213A724D5241268608D67644FBC0A587F2076A4D5241108256A7E741FBC0D86ACB60624D52418D022E7AE640FBC07C5033E65F4D5241	0	Institut Cartografic Valencia
91	0105000020110F000001000000010200000009000000395AF85D482AF8C09304246B4C4C52417B6FEA23DA2BF8C0926726FA504C52417E993AFA6C2DF8C02AB2C921544C524133A62DC88C3CF8C099BAED537A4C524190C291869644F8C023612981904C524136115E97304AF8C0AF5ED2829E4C5241E4C1D29CFA4EF8C08EDA01B4AB4C52417A097FD9EE55F8C002C7DF3FBD4C5241472114E68E5BF8C04A329000CC4C5241	0	Institut Cartografic Valencia
92	0105000020110F0000010000000102000000060000001B343E90D10CF3C0F2ABACDBA0745241A7BB09E29909F3C0C178C776E5745241240B448B4306F3C036654F3F2D755241928AD4E49901F3C074FE59048A755241987DCD1598FEF2C0F6E777A8CC75524163581F4A0CFDF2C0CA54F775E0755241	0	Institut Cartografic Valencia
87	0105000020110F00000100000001020000003900000032C90D0A685AF3C0E5C09CCDA4585241B5DEF6530D55F3C0233C85E9A158524170507B571550F3C04138708C9F585241856EA2B01649F3C0FDAA9BEF9B5852419C51BC48D541F3C0BBE3858E98585241B5DE424CD23BF3C01DF351D395585241558A76EDA636F3C06CF81C2E93585241BEB5F91F5B31F3C0A7D6D555915852410EEBE748AE2EF3C0CA870FF28E585241F77D9727182CF3C01FB133E68D58524141E32CF70129F3C008F038828C585241A0CAD346C925F3C0E3F406A68A585241620B0C45FA23F3C075DBDA9D895852410531B7F72D20F3C07A7D0B3A89585241FDC9EC01EF1AF3C08C017C6D8858524166409C5EDA17F3C0B0D5C8A188585241DF9FA181D415F3C0A65CF82988585241EC6E0658CE15F3C0781D0021885852415E0C9F6B5F12F3C0904B3D2C8558524119C70713C30FF3C06EC48C1F84585241AB9839B4750AF3C006B2D0FB81585241F11E54AFEE06F3C09E0DAE1981585241829E67FDFF02F3C00E06D32C805852419AFE3CCBADFFF2C0569C00287C585241F31B5B7481FBF2C0CA14969C795852419317595A69F9F2C0EEA310E07858524163DB328012F7F2C0DD7A08AA74585241F42595CA30F5F2C0F90D4A63725852414BA049ECD3F2F2C0140501DA715852415EEE9A2831F1F2C0EF2BF0AE7158524119403FC058EFF2C0A8C770DE735852411D8F314E17EEF2C07759DD127558524166597C8E0BEDF2C041BC65E473585241AAB4F691FBEBF2C01FD0110B74585241F268096FDAEAF2C080A713C875585241B2C826A77BE9F2C01BC99DE6755852414B96253704E9F2C0986441A2765852410D21007DAAE8F2C0D01B7A7E795852410C146576B3E6F2C01534FA1A7A5852419285D64BDDE4F2C04477E0A77958524172A33EC472E2F2C03F2DDB9778585241988618ADDFE0F2C01CB6F0FB7858524162BD473294E0F2C012464CBE7A5852410BC8B24887E0F2C0BC5500087B5852415501E0F055DFF2C02FA5F3CD7D585241B5EB6BBD82DCF2C0817564967E58524189A38A3C0AD9F2C0FF6975B57D585241F497DC0BCDD7F2C0A842BE947D5852416EBD2378BDD6F2C0C8B2BD787D585241938C1E6149D6F2C00E12BA6C7D5852410F2001E5DED2F2C07F44221D7E585241BE0E445CF0CCF2C0BE0089A8805852411C15B8C6E1C7F2C01EB9C2FD815852411016AF9AC9BEF2C05FE5879F835852411E4EBD8491BEF2C09C5372AA83585241EE7ED390CEB8F2C0EE69E9EC845852413B20EC8D6BAFF2C08BC3A08686585241	0	Institut Cartografic Valencia
93	0105000020110F00000100000001020000002200000050000BCC6D23F1C086607779FE7352414C96518FC72AF1C09C139C00E37352417C4647B79D30F1C050DB6CF7D07352417E633BF23534F1C0F06AC2C2CD73524184B8DEE0E83BF1C04D9E8759CB735241BC92DBAF7644F1C0F597F9C4CE735241355DF3A59A49F1C0A79AA4AFCF73524191BE8EBEEB4DF1C0A394A75ED0735241954B35D1C653F1C05AB729DAD673524123A2C1DBD457F1C05044DE2CDF73524148D1C598F75FF1C0609C9AE0EB735241A935D4061061F1C06319B9B6F073524193E0D328BD6AF1C0A2ACFC50FF7352415B8B9D077F6CF1C0F0E7CECE03745241838903E43471F1C0FF0F5F2B1574524149C610E81478F1C0B1B17352267452418ED1F5BAA37AF1C00E50FFD41A745241A4DBC0A8FA7EF1C02C2FC367057452410CB29AB85580F1C0BAAF5067F57352412FB4667D9580F1C035BFA2AAEA735241DEA66FC2867FF1C01FDA02F0DB73524172985A11727DF1C0B593F951A8735241DDD2B6BF337BF1C0E0DC439C8E735241F9626FE3DE78F1C0B4DF4EB6747352414189FAF41F78F1C0A5C7F4D76B7352417E97793CD876F1C0907E371B55735241EA4E6351B775F1C027BBD3B13B73524191674E768F74F1C0AB36E4382D735241E87B1905FA76F1C0019FC9C32573524108049524D47AF1C08D00C73F187352417F5AFEC4E07FF1C05D3E65C1017352417988C60CFF86F1C0BEF69AE6E8725241D32A083E238BF1C0F0866941D872524189D9FC51CD8CF1C06F226EA4CF725241	0	Institut Cartografic Valencia
94	0105000020110F00000100000001020000000400000096C4B75EAF39FBC0A45B72E2604D5241159787E06B3BFBC093E81DFE5F4D52413018DB677840FBC0606F7B12604D52418D022E7AE640FBC07C5033E65F4D5241	0	Institut Cartografic Valencia
100	0105000020110F0000010000000102000000180000002031B8CB0DB5F1C02C6C4BADC97552411864FDD9B1B4F1C05D0F0224BE755241B4CA64ADF0B3F1C0A1F6A7E3A8755241341D3D75F5B2F1C0498E0527947552415BF359DA3DB2F1C0FFF27E278E7552419B97BF2F58B2F1C0B14EAD0384755241F63943B1E3B2F1C0F9711E5C7E755241085CAF4702B2F1C05B70071F667552412E5697CF37B1F1C02B0AB96D567552419D4ED5759AB0F1C0DB580F1D477552415C3A446363AFF1C096CD5A262D755241683DEEA107AEF1C0CE6A479B147552413E47EE9935ADF1C0C0936A1A00755241A5640D184AADF1C0EEB465F8FF7452411BF34AC55CABF1C01BC7ECCEE2745241C8F953566CAAF1C0358C4BAED07452412FB4F64A1CA9F1C0E4BAC05CBF745241A2D84A13B7A7F1C0F63C06EAA27452413B0019F5FFA4F1C04DE8E67778745241A90964A2FDA2F1C0D2C5DCFC5C745241E60A7A087CA1F1C058C23AC43F74524129510E8AA1A0F1C0CF8F4EC92D74524126CC9F5F6A9FF1C04CC777FA18745241BE28E9C3049EF1C0EB9D6389FF735241	0	Institut Cartografic Valencia
101	0105000020110F000001000000010200000002000000B7C0AE13FB2BF5C0A5637F49BF7552416809DF337C3BF5C0DF21CCB006765241	0	Institut Cartografic Valencia
102	0105000020110F000001000000010200000014000000B272DDC4C327F1C041CAFCA5BF75524120025D893F25F1C026A66B68AE755241FD412D382D25F1C0ADB87EB5AB7552418CDD50A30426F1C0DDF9980EA6755241FFE62E97742BF1C0A0B874FA8C755241737CD0D29D2CF1C0AF3BAE48867552412B9D73AFD02CF1C0D7D8424183755241B6EB37D6AA2CF1C07CE307937E75524118918F9A5F2BF1C0B091B3FB697552418B0A0EA77529F1C077B677CA4D755241F2A2B6DCB928F1C0DCB14B4F3C7552412F9BC0548528F1C0C00070C732755241185F1EB49728F1C06A349250217552416E43C4524C28F1C0621E73070A755241B09056E82C28F1C09BD92BC4FA745241651A32FB7228F1C09E13D0CEDE745241E25727A7D128F1C0B9ECD499C87452411762AB7D2828F1C0B834DCA3B974524159DE80D47526F1C0D3E6C95DA574524125C04FD6D025F1C0DEB98DB69A745241	0	Institut Cartografic Valencia
104	0105000020110F00000100000001020000000300000053660AA9BAECF1C04BE1E276916D52418280E17619D8F1C07646A199596D5241894DC19D73BFF1C082B30F2E186D5241	0	Institut Cartografic Valencia
105	0105000020110F00000100000001020000001800000087CE931E452DEFC06B1E711D4D715241254339B4792DEFC0E5BD948444715241EAECCD17A82DEFC00B4F7FB63D715241A482EB3FC22BEFC03615C42132715241C62F2C57CB2AEFC08A6543302A715241A8D4527BBE2AEFC014A651AE2071524158B9E4B26B2CEFC0E7814B921B715241820B81BE752FEFC012A7D5601B7152414C94E5656436EFC079585CE81D71524114AA91D84339EFC0E1CE04CF1C7152416525E284793BEFC074A452E81771524171B19D72593BEFC099BF8EF41371524190BCB14CFB3BEFC0215DF8D00C715241E08F4173513DEFC0FB94D66E06715241973E6A1E5A3DEFC0960693EC03715241A3D2A1A5B13CEFC03616D520F9705241423FD70FBD3DEFC09750BD85F47052419532E343F93EEFC052B7C107EF705241F0F3A3A3DC3DEFC0CA621562EB7052410241ADF7C43CEFC0C561684DE6705241A42509C6643AEFC0231595A9E37052417C692AB69538EFC00750D6B8DE70524114063DB7A238EFC020FC74F5DA705241263A7FFCE238EFC0B759B097D5705241	0	Institut Cartografic Valencia
106	0105000020110F000001000000010200000005000000823120BB5043EFC04CF1DC0C1E7352415CB95298ED3FEFC029D3D3811D7352412F7D58F2903BEFC0DF2C725F1C73524127EFFE74793AEFC064DE8BD61D735241D7C034771F35EFC0BEA4A72427735241	0	Institut Cartografic Valencia
107	0105000020110F00000100000001020000000A00000035986A521A5CF8C0D9A7EB1EC34C5241ADD1C669905AF8C091540012C04C52418DA1035CBB58F8C06445244EBB4C5241F720FDC4DA4FF8C0A38E03CFA34C52416BB4193A994BF8C0C48DBF29994C5241493A47C31247F8C0DEA861878C4C5241996666122C3EF8C0D16798DF744C52413D2B127B323CF8C0133978106F4C5241F85AAFF72234F8C0309CB72C594C5241F94108379B2DF8C0C25C0D0D484C5241	0	Institut Cartografic Valencia
95	0105000020110F00000100000001020000001900000061B32BD2EC9BF1C01BFD9883DC7352412503F9EE5098F1C0984CE3B49D735241310A95D18E95F1C0437CBF1473735241A1C5F033E494F1C0C9D0D5345F735241B11E2C867B92F1C02EE3F2B034735241CD62917E6B8FF1C03C65B7D600735241EC55C637518EF1C0B1B7E76CEB725241B60035770C8DF1C078E1A2E5D272524189D9FC51CD8CF1C06F226EA4CF72524120B28139EF8AF1C0C97ED31AB37252418378F493F489F1C07747FAA8A67252415A576C4F5889F1C0F97334B59F725241615C952D1888F1C0A0D5EE6587725241FC07908D9985F1C023B0BB855D725241E0BAADBEC089F1C0B7BAD42749725241A372E0B3208CF1C0EEB0588633725241D4C2A0CA2F90F1C0F1CE839A04725241226CE23DF694F1C0282E6A66D571524103C1C7DECC95F1C0A09FCCD8B4715241DE9F5E2FB096F1C003A73CBA99715241F20E17FDCD96F1C053A5851A7F7152412CC8E6519697F1C058ADD84355715241551000109E97F1C091A639B727715241D26D39A78398F1C0D0BE1A93F0705241BE0E6DC8E098F1C04ABD33BDD5705241	0	Institut Cartografic Valencia
96	0105000020110F00000100000001020000000D000000A6524EE2D529F8C0DA8ECD134C4C524180DB4E86D528F8C0A58A0935494C5241CFEB355AFC24F8C0DFC38B9F3F4C52417CA67BBBEF20F8C00DE1AA74334C5241EBE0B8861F17F8C0EEC72C92194C52419216E3D5BB14F8C07205C2F8124C5241731EBEFF7509F8C008991646F64B524183BC330F4D07F8C047DD95AEF14B52415E8B42E48605F8C0398F8DE2EB4B5241104705B5F302F8C00242870EE54B52414BA902CBB400F8C0FC3F4110E04B5241E576E2135DF6F7C0B0688289C34B5241905604E61EF5F7C059311ECFC04B5241	0	Institut Cartografic Valencia
97	0105000020110F000001000000010200000007000000DF284E3AA77AFBC0734452500D4E524126CD48412D7BFBC027F02D780C4E5241561F018F2B80FBC0062B34B50C4E52411707BC065980FBC0906FBC3C0D4E52419C1C6E089880FBC0D4AFC2F70D4E52418712EA22FE80FBC07F09F5990E4E5241F4273C3D3D81FBC0122F83430F4E5241	0	Institut Cartografic Valencia
98	0105000020110F0000010000000102000000040000007B4EAB2A2DDBF6C03FB925A3BE7552417AF3DF5A2ED4F6C0314DCC6AE7755241F364AE751DCBF6C0B11770BB1E76524105CBBEC7BACAF6C013BBA60120765241	0	Institut Cartografic Valencia
109	0105000020110F000001000000010200000007000000B27CF88EF02EFBC01B72F6FE585252415500AF463431FBC081053F9554525241ECFE4F19FB32FBC0D99E8A275352524113718C5FF934FBC0AB6E83F9525252412068B188CB35FBC06ED1ADBA52525241A7EA11E81739FBC0D8C0A9BF51525241163D006D033DFBC0010E1BD951525241	0	Institut Cartografic Valencia
115	0105000020110F00000100000001020000001800000082391242821DFBC05E5220C12552524178F3AF33A91DFBC09D80CCFD1B5252418D74240D0F1EFBC015A34E47175252418D546B248E20FBC057F98134FE515241D7A705FF5721FBC087CAF463F751524102996AC66121FBC0BCDC6F32F651524105BB6FEB4B21FBC09F6122CCF4515241CF1BB5EDDE20FBC07985B94BF351524106DFE6E4AC1FFBC0D0520066F05152417770D9260F1DFBC02958AFDBE751524133230270B11BFBC035A3970AE4515241B3AA08A7381AFBC023ACDBFEDE5152411C0F983DDD18FBC0F1F822E5DB51524184BF711F8917FBC05A7DF3F8D4515241B665EF18C416FBC040624E1BD2515241B3225C189214FBC018D2E6AFCC515241E1493F38C012FBC04C3BA636C9515241C3E034499D12FBC0C89123B4C8515241F8995DF38D12FBC0CA0545F8C7515241B7F8F9839612FBC0AB2AA7C1C65152411DB357BFCC12FBC0654836C0C3515241E152714D2D13FBC01CF60049C05152410A72A245C413FBC0B73E4175BC51524137E988F3DA13FBC09991B31BBC515241	0	Institut Cartografic Valencia
116	0105000020110F000001000000010200000009000000AA718DAF43A4FAC0A163DC030F4E5241FB1A12CB46A4FAC01A1F05E6104E5241539F689A72A4FAC0927552F3184E52418A455AF00FA4FAC085B644741D4E524147BEDA2709A4FAC0EF8D13C6224E5241DB1CE3FFE5A3FAC08A159D32264E5241709F803BD8A3FAC06B9BC047324E5241E5DEF0D0D9A3FAC084A0F1F13F4E524151CFC6AADAA3FAC0E48D87F1404E5241	0	Institut Cartografic Valencia
117	0105000020110F0000010000000102000000160000001F77AE1AD7A1F1C06658FD3052745241D6F64E1479A1F1C0F528959B5D745241D97AA5B939A1F1C0BFADAD3E78745241BA1801CEC0A1F1C0B23731179B7452413FD3F60AE1A1F1C0F2C93A2AA3745241B798BF5E16A1F1C099F2EA4DB6745241B67908F55C9FF1C0B59B258DD5745241686E6EA3249FF1C07CCA8A8AE4745241CCEB3DCAF79EF1C017F21A67F07452416CEA0096D19DF1C09F5888F00F7552413BB805F9E89CF1C02CE5918428755241B5072E42E99BF1C0083C208938755241B07B259BBC9BF1C0E2194F583A755241A529B7E2F699F1C04A3AAE4B4E755241A7E90A77D898F1C0D7C0DB90567552412817C5546D98F1C07E08A3A759755241B82F5BF2D897F1C02EF6814060755241B56722B99796F1C022A1542E68755241603E096DEF95F1C0F0075EC46B755241D30C9B3F8E95F1C0BC0290E16D75524107CD0A085895F1C0E47FF2F46D755241A8AD9CB52F92F1C076E256D96A755241	0	Institut Cartografic Valencia
118	0105000020110F00000100000001020000000C0000007639B84A0878F5C063CA3B642E745241C69781272C6FF5C0B592E95D5374524156F2A2A2A86BF5C0BACE25216A745241D81ECFD72267F5C0F655D694837452415A87E3A5555FF5C0D41FACD7AD7452418D48A890025BF5C08ABE7B50C774524114BEBDC80C53F5C02297C81FFB7452411FBA7B5CB04FF5C0F240C422097552413214E8173B47F5C0EF7D27041D75524116203ACC273EF5C0CD34E26B347552415D7885511534F5C0FF9422864C755241F7496EA39330F5C06BD6850872755241	0	Institut Cartografic Valencia
119	0105000020110F000001000000010200000021000000916F5D77E335FBC09C3CF459865352417EA6F4D27F34FBC0F972DAF680535241B133A9219132FBC05E0379E9795352414805B1FE3630FBC0D23F021C7053524110A27153B22DFBC03A982FFD635352413D2430D7682AFBC0E7C12EB655535241816206291329FBC0383D8FDE5053524180A8D4B51D25FBC0A2AAA52B40535241E0412B7B5723FBC0570E105C375352410DC552B80622FBC00011E3EE2F5352413C9CA2996E1FFBC0FD7E0E45255352419B7D6FAFB01DFBC0ED16A99E1D5352410D19C396691DFBC03DB273FF1B5352410BB137751F1DFBC01FD5C5DC185352417C9BCA69381DFBC000DD3FA417535241AD46FA01CE1DFBC0E8C7C38014535241F0FF7ECAF11DFBC0D2F11BF512535241E1B391D2FB1DFBC0EF04DB8A0F53524155825A100B1EFBC01C6CE1BC0E535241BBD56E732F1EFBC0ECAD03850E5352410FB217BBB21EFBC0DB3FBB840F535241E731FDF1121FFBC0FD7BBFD3105352417EE29E0B2320FBC0D12F8A4E15535241562D6F591B21FBC034196D561A535241F62FF628D623FBC0DD51D2192553524162BF4F860827FBC0C608333035535241B7F93B55DD28FBC0FC9BDF9D3B53524153A89B2A402AFBC030E32B45415352411F5C3B24642FFBC0478969FD585352413F76DD8F7432FBC09E3F2667655352417C74DA1E9533FBC0F3CFB3026B535241676A83086934FBC060FFF8846E535241378182BA1838FBC025112B627C535241	0	Institut Cartografic Valencia
120	0105000020110F000001000000010200000025000000F8D14A81525CF8C0A0039D2FC54C5241A9834A0D2067F8C032882BFAE24C52414D032F5E6C6AF8C08B260F81EB4C5241308E68DE5C6DF8C06580A40CF44C5241565040675870F8C0FF7604DEFB4C5241C177F514B17BF8C02AA9AB591B4D524185B2DD1FF580F8C0B049BF7B294D5241CEB9E0D4B988F8C07DE46D1E3C4D5241ACC86E81818BF8C03910FE95434D5241D22482A53F90F8C0FC06DC1F4F4D524197B88A751893F8C02C5D0A80564D52415B2B5929CF98F8C0614FC412644D5241F4C7F193FA9AF8C09CBFAF076A4D52413F420741769DF8C05F3371866F4D5241F665207843A0F8C0960943A1764D52411ED643AB91A2F8C0DD9B19087D4D5241C984C486F1A7F8C039FD0DCF894D5241B5D409F656AAF8C0F49A9F7A904D52411AD3650EFFABF8C02E1625B6954D52412ECD3B835AACF8C04C4D60A4964D52416D206EDA64AFF8C01B22BE9A9E4D524145412BB27CAFF8C0D72F7222A04D5241C19582944FAFF8C0BE00437EA14D52416AE021DBD7AEF8C0CB310123A34D52413D0F6365A4AEF8C0DF37A152A34D524103B2D83B10AEF8C0153B667BA24D52418643FC311DA2F8C090BCCA6C854D5241CC3BB1399097F8C05F957C836A4D524108B9E81C1694F8C0E105D059624D524143AC4C5FBE8CF8C00B5640B34F4D524140E255FE6D81F8C0802C0574344D5241505D9875F87DF8C06517AB7D2A4D524138EC8F971C71F8C08A5FABBA074D5241AABF9C722E6CF8C020B33D21F94C5241801A73862467F8C074F10ECDEB4C5241D909DC1D4D62F8C067131218DE4C524162E1015DD65BF8C04A4CCED9CC4C5241	0	Institut Cartografic Valencia
121	0105000020110F000001000000010200000008000000171B4FE4D08AFBC00F61FE37F254524193400DFE558CFBC00A718180FB545241970CFFF6608FFBC0D64899F3FD545241458B04339090FBC06225301DFE545241F52C769DE191FBC0E007E05EFD545241C27AF8C88C92FBC0C0A71840FB545241D9474610F792FBC03B820B7AF8545241A603F6B54893FBC00F61FE37F2545241	0	Institut Cartografic Valencia
122	0105000020110F00000100000001020000000A0000002C1810DFB1B0FBC020792CFEB84E524180BE1DC3DBAFFBC066BDB318AA4E5241ADE8FAC4DEAFFBC0FADAAA65A84E5241CB9F054044B0FBC07FBB7361A64E5241265DD1E944B1FBC026125B48A54E5241031959653BB3FBC012EA6CC5A04E5241746B0DA88BB5FBC02A2618D29C4E524108BCDE39C1B7FBC0793D8193994E5241758F3494A9BCFBC08030AF8B904E52414E7380596ABEFBC0F4F32B078E4E5241	0	Institut Cartografic Valencia
123	0105000020110F00000100000001020000001000000072ADD1646FFFFAC0F248BFD5334C5241D411286C14FFFAC0DCBE334D354C52416444EAD2FBFCFAC0499A6BD6344C5241BB05902275FBFAC00C144A12354C5241C95FB29610FAFAC04EC90A36364C5241E4CE79563BF9FAC0FD7812FE374C5241FA280F18B7F8FAC046A6CE9C384C5241DCD52B84DCF7FAC048B1330A394C524195129F6919F7FAC0E90D70D7384C5241BA3D95F355F6FAC092379A2F394C524195F041B50FF4FAC01AD133723E4C524109D1FFFF77F3FAC01EA8A313404C5241029E95D017F3FAC09997F120414C524167A5453BDBF1FAC0A1DD6E98434C5241719E6A96F9F0FAC0E9FB2EE9444C52410681B5F2E9EEFAC00F331EFE444C5241	0	Institut Cartografic Valencia
110	0105000020110F00000100000001020000000C000000F5F61AA6A490FBC00C61FE37F2545241F721C6230E90FBC003044392EF5452412B7E8880378BFBC09024C083D65452418C00D670FC8AFBC06109CABFD554524189B1769A058AFBC0B954D6EFD5545241E65728E60589FBC089740680D55452417EDE15E2C787FBC03BE94A38D354524160940F6A4487FBC0CE7F5BCDD354524183ECC7AA2986FBC03E26725DD15452419C7EB8467885FBC0132ED038D9545241164FCB17AF87FBC0250807E6E2545241171B4FE4D08AFBC00F61FE37F2545241	0	Institut Cartografic Valencia
111	0105000020110F00000100000001020000001D0000009F7146E98626EFC09E33D03D647152416056D036A522EFC05CDBD3E46D715241B03A47894921EFC0FC0C2F416F71524128A41BF8BD20EFC09F783AF16F7152414FE0492B3C19EFC0C357EBE276715241799A55847F17EFC058AE31D779715241FEDE0E2EF115EFC0008214A07C7152410853684BC614EFC055C987197D715241F9FEF6DF0C11EFC08DAD751A7B715241B841AE506E0EEFC0D9D308A8767152418D6691083A0CEFC05EA485ED6D715241DAD62BC72E0BEFC0A94E34436571524173778A27F10AEFC058F619A45C7152416FE324DA5409EFC0E9FC06A44F715241DB987A46F907EFC0FB05AA5D4A7152413CEF0058E506EFC0F27EA735447152417969F0ABFB06EFC0E18C15C23D715241E375DE89C707EFC0620F3CB437715241A1EB53BB6F08EFC0F58931232871524113EAB1F3B507EFC09F87F05B2271524133A59767DF07EFC09E02E5FC1C7152411BD466A06709EFC0B219245C15715241B20DD0B7540CEFC040449451107152416A3E701DD20CEFC0D52D091E0D715241E0119FAF450DEFC02F9BDA25067152416E3BC4D8AD0EEFC027B15B91FA705241F26716A1860FEFC08D1CCD62F770524169158A186213EFC001B8AF86EF705241265838C1FA15EFC0D9E9ABBAEB705241	0	Institut Cartografic Valencia
112	0105000020110F00000100000001020000000300000048A801BAA490FBC00F61FE37F2545241024186B3A490FBC0E9CD3A38F2545241F5F61AA6A490FBC00C61FE37F2545241	0	Institut Cartografic Valencia
113	0105000020110F000001000000010200000004000000F411A171BC05FBC060CD8AD5424C5241F4B6CA848401FBC02BBA9133384C5241D0DE38B2DDFFFAC0001F9BCD344C524172ADD1646FFFFAC0F248BFD5334C5241	0	Institut Cartografic Valencia
114	0105000020110F00000100000001020000002E0000008D022E7AE640FBC07C5033E65F4D524103BE5CB3C541FBC07366B328604D524140B366D75743FBC0D8959F10604D524170273EFADC44FBC0159CEAE85E4D5241389E6EC0D745FBC0E1AC03D55C4D5241FCD6B8168946FBC09096ADEE594D5241C3246E949546FBC02612C8BC534D52416FA38C1EB546FBC04336DEC8564D5241CF5460A2114AFBC04A9CB63F784D52415143D571834AFBC0C126C5F9794D52413E658C2F4E4BFBC0FD19E7CC7A4D524101BDB5E69A4CFBC0143B84E97C4D5241BE46D811034EFBC04521D9AF7F4D52412274C15CFD50FBC0F48C507D864D52414537436E6051FBC0285C5DCC874D52410EDE9E0D7453FBC008AF8B9C934D5241D14552B76754FBC0036E09A6994D52413745E4885955FBC070D2EBFDA04D5241C99EBB43E055FBC003E4DF8AA64D5241F4FECFF81B56FBC0A663B6DBAD4D524185B17340CD55FBC04F8F9E77B54D5241B210DFF3C655FBC0ABD28B75B84D5241821279C2DD55FBC09938BDF1BA4D52416A03002F5056FBC03E592052BF4D524147E05FE61F59FBC0CC492192CE4D5241AF81C41F155CFBC0A3866599DA4D5241360ADF05D65DFBC05D0EADB5DF4D524137AABBAADC60FBC0E8ED46E2EB4D524159B3D5841861FBC0009941F0EC4D5241BD95245D2161FBC072450A74EE4D5241B006DD725961FBC0A504FD17EF4D5241AAE809ADBC61FBC06257F6ADEE4D5241BDFB8E624163FBC05362A5FAF24D5241734E658F3067FBC037584C11FC4D5241DF61E762AA69FBC0B66259B1004E52413B7D0269B96BFBC05D4A3751034E52417BACEF5F256DFBC0E2858C81064E524124FD7CCCC86EFBC09303CAC70A4E524124E4BBC6C671FBC04A56F455154E5241E5C6AF3D2D72FBC08DC371B6154E524182BF2F689B72FBC04CEB517A154E524122E72B53F672FBC0FEFBCCC8144E52413106BB3C5E73FBC08E336C22144E5241EF595B2B4579FBC09A55EA1E0E4E52410EC34B96257AFBC0E4FA8D8B0D4E5241DF284E3AA77AFBC0734452500D4E5241	0	Institut Cartografic Valencia
108	0105000020110F00000100000001020000002A000000A8BB70CC2CACEFC0B5E1A42C1F73524171BEF1D77BAAEFC09F5B50B91E7352416C6F5D8BC2A7EFC01B2EED581B73524160663D4A93A6EFC0F957A57016735241D4ED08463BA5EFC00C03CD16107352416194EBA19FA4EFC00FE1E829087352411ED395871AA1EFC07ADFB391FD725241AE6D38A8149CEFC06C711974F87252416AF294E98698EFC047804801F77252413543F77BFD94EFC02AEA42F0FA725241DB973DBD8497EFC0CFD25F8FFF725241574A66A31498EFC02EA2144104735241DD9043C15E9AEFC09BB4D8B506735241F7962850259AEFC0F018311B0A7352414CC1D5C24D99EFC0778C32EE0C73524112133AE4329AEFC078CDBA6F1373524167720AC53C9AEFC00F97923417735241FEC47BB96F9BEFC09F228B091B7352417BC5836E0A9BEFC084C5C1E21D7352418972DBAB639AEFC00EC3D1D21F73524122A801712799EFC07B0D295125735241122BA46F1696EFC03DA07F7B277352419E60F8C22292EFC0A735C40F29735241A1BD56344B91EFC0661FC7E22B73524193D29764AD8FEFC04B87FC832C73524159145FADD38DEFC04C67109F2A73524139E09CAACF8CEFC08E5ECA70267352417467B0B6598CEFC0C664E0DA207352415832320A068BEFC0B170CF3F19735241C2C5C2F0A68AEFC01C0C25AB13735241310B4878CA8BEFC0C0C73CB50E735241696AAAFABF8BEFC04798481E0B735241241947DC0489EFC048A085A40173524126D3213A7A85EFC03D6340A9F872524152BB6C322F84EFC08130D02EF57252415963623AB582EFC09AC4A90DF2725241A7F104ED9781EFC0FCDEB8F2E772524144330D572E7FEFC040631B5CE1725241A112C96CFF7EEFC0E4816A12DB7252418CC22D796C7EEFC0EA5E2DA3D07252419539CCE7307BEFC0E9869742CB7252413D5E309F777AEFC0E86532F0CB725241	0	Institut Cartografic Valencia
\.


--
-- Name: firewalls_firewalls_id_seq; Type: SEQUENCE SET; Schema: public; Owner: jorherol
--

SELECT pg_catalog.setval('public.firewalls_firewalls_id_seq', 125, true);


--
-- Data for Name: spatial_ref_sys; Type: TABLE DATA; Schema: public; Owner: jorherol
--

COPY public.spatial_ref_sys  FROM stdin;
\.


--
-- Name: auth_group_name_key; Type: CONSTRAINT; Schema: public; Owner: jorherol
--

ALTER TABLE ONLY public.auth_group
    ADD CONSTRAINT auth_group_name_key UNIQUE (name);


--
-- Name: auth_group_permissions_group_id_permission_id_0cd325b0_uniq; Type: CONSTRAINT; Schema: public; Owner: jorherol
--

ALTER TABLE ONLY public.auth_group_permissions
    ADD CONSTRAINT auth_group_permissions_group_id_permission_id_0cd325b0_uniq UNIQUE (group_id, permission_id);


--
-- Name: auth_group_permissions_pkey; Type: CONSTRAINT; Schema: public; Owner: jorherol
--

ALTER TABLE ONLY public.auth_group_permissions
    ADD CONSTRAINT auth_group_permissions_pkey PRIMARY KEY (id);


--
-- Name: auth_group_pkey; Type: CONSTRAINT; Schema: public; Owner: jorherol
--

ALTER TABLE ONLY public.auth_group
    ADD CONSTRAINT auth_group_pkey PRIMARY KEY (id);


--
-- Name: auth_permission_content_type_id_codename_01ab375a_uniq; Type: CONSTRAINT; Schema: public; Owner: jorherol
--

ALTER TABLE ONLY public.auth_permission
    ADD CONSTRAINT auth_permission_content_type_id_codename_01ab375a_uniq UNIQUE (content_type_id, codename);


--
-- Name: auth_permission_pkey; Type: CONSTRAINT; Schema: public; Owner: jorherol
--

ALTER TABLE ONLY public.auth_permission
    ADD CONSTRAINT auth_permission_pkey PRIMARY KEY (id);


--
-- Name: auth_user_groups_pkey; Type: CONSTRAINT; Schema: public; Owner: jorherol
--

ALTER TABLE ONLY public.auth_user_groups
    ADD CONSTRAINT auth_user_groups_pkey PRIMARY KEY (id);


--
-- Name: auth_user_groups_user_id_group_id_94350c0c_uniq; Type: CONSTRAINT; Schema: public; Owner: jorherol
--

ALTER TABLE ONLY public.auth_user_groups
    ADD CONSTRAINT auth_user_groups_user_id_group_id_94350c0c_uniq UNIQUE (user_id, group_id);


--
-- Name: auth_user_pkey; Type: CONSTRAINT; Schema: public; Owner: jorherol
--

ALTER TABLE ONLY public.auth_user
    ADD CONSTRAINT auth_user_pkey PRIMARY KEY (id);


--
-- Name: auth_user_user_permissions_pkey; Type: CONSTRAINT; Schema: public; Owner: jorherol
--

ALTER TABLE ONLY public.auth_user_user_permissions
    ADD CONSTRAINT auth_user_user_permissions_pkey PRIMARY KEY (id);


--
-- Name: auth_user_user_permissions_user_id_permission_id_14a6b632_uniq; Type: CONSTRAINT; Schema: public; Owner: jorherol
--

ALTER TABLE ONLY public.auth_user_user_permissions
    ADD CONSTRAINT auth_user_user_permissions_user_id_permission_id_14a6b632_uniq UNIQUE (user_id, permission_id);


--
-- Name: auth_user_username_key; Type: CONSTRAINT; Schema: public; Owner: jorherol
--

ALTER TABLE ONLY public.auth_user
    ADD CONSTRAINT auth_user_username_key UNIQUE (username);


--
-- Name: django_admin_log_pkey; Type: CONSTRAINT; Schema: public; Owner: jorherol
--

ALTER TABLE ONLY public.django_admin_log
    ADD CONSTRAINT django_admin_log_pkey PRIMARY KEY (id);


--
-- Name: django_content_type_app_label_model_76bd3d3b_uniq; Type: CONSTRAINT; Schema: public; Owner: jorherol
--

ALTER TABLE ONLY public.django_content_type
    ADD CONSTRAINT django_content_type_app_label_model_76bd3d3b_uniq UNIQUE (app_label, model);


--
-- Name: django_content_type_pkey; Type: CONSTRAINT; Schema: public; Owner: jorherol
--

ALTER TABLE ONLY public.django_content_type
    ADD CONSTRAINT django_content_type_pkey PRIMARY KEY (id);


--
-- Name: django_migrations_pkey; Type: CONSTRAINT; Schema: public; Owner: jorherol
--

ALTER TABLE ONLY public.django_migrations
    ADD CONSTRAINT django_migrations_pkey PRIMARY KEY (id);


--
-- Name: django_session_pkey; Type: CONSTRAINT; Schema: public; Owner: jorherol
--

ALTER TABLE ONLY public.django_session
    ADD CONSTRAINT django_session_pkey PRIMARY KEY (session_key);


--
-- Name: firewalls_firewalls_pkey; Type: CONSTRAINT; Schema: public; Owner: jorherol
--

ALTER TABLE ONLY public.firewalls_firewalls
    ADD CONSTRAINT firewalls_firewalls_pkey PRIMARY KEY (id);


--
-- Name: auth_group_name_a6ea08ec_like; Type: INDEX; Schema: public; Owner: jorherol
--

CREATE INDEX auth_group_name_a6ea08ec_like ON public.auth_group USING btree (name varchar_pattern_ops);


--
-- Name: auth_group_permissions_group_id_b120cbf9; Type: INDEX; Schema: public; Owner: jorherol
--

CREATE INDEX auth_group_permissions_group_id_b120cbf9 ON public.auth_group_permissions USING btree (group_id);


--
-- Name: auth_group_permissions_permission_id_84c5c92e; Type: INDEX; Schema: public; Owner: jorherol
--

CREATE INDEX auth_group_permissions_permission_id_84c5c92e ON public.auth_group_permissions USING btree (permission_id);


--
-- Name: auth_permission_content_type_id_2f476e4b; Type: INDEX; Schema: public; Owner: jorherol
--

CREATE INDEX auth_permission_content_type_id_2f476e4b ON public.auth_permission USING btree (content_type_id);


--
-- Name: auth_user_groups_group_id_97559544; Type: INDEX; Schema: public; Owner: jorherol
--

CREATE INDEX auth_user_groups_group_id_97559544 ON public.auth_user_groups USING btree (group_id);


--
-- Name: auth_user_groups_user_id_6a12ed8b; Type: INDEX; Schema: public; Owner: jorherol
--

CREATE INDEX auth_user_groups_user_id_6a12ed8b ON public.auth_user_groups USING btree (user_id);


--
-- Name: auth_user_user_permissions_permission_id_1fbb5f2c; Type: INDEX; Schema: public; Owner: jorherol
--

CREATE INDEX auth_user_user_permissions_permission_id_1fbb5f2c ON public.auth_user_user_permissions USING btree (permission_id);


--
-- Name: auth_user_user_permissions_user_id_a95ead1b; Type: INDEX; Schema: public; Owner: jorherol
--

CREATE INDEX auth_user_user_permissions_user_id_a95ead1b ON public.auth_user_user_permissions USING btree (user_id);


--
-- Name: auth_user_username_6821ab7c_like; Type: INDEX; Schema: public; Owner: jorherol
--

CREATE INDEX auth_user_username_6821ab7c_like ON public.auth_user USING btree (username varchar_pattern_ops);


--
-- Name: django_admin_log_content_type_id_c4bce8eb; Type: INDEX; Schema: public; Owner: jorherol
--

CREATE INDEX django_admin_log_content_type_id_c4bce8eb ON public.django_admin_log USING btree (content_type_id);


--
-- Name: django_admin_log_user_id_c564eba6; Type: INDEX; Schema: public; Owner: jorherol
--

CREATE INDEX django_admin_log_user_id_c564eba6 ON public.django_admin_log USING btree (user_id);


--
-- Name: django_session_expire_date_a5c62663; Type: INDEX; Schema: public; Owner: jorherol
--

CREATE INDEX django_session_expire_date_a5c62663 ON public.django_session USING btree (expire_date);


--
-- Name: django_session_session_key_c0390e0f_like; Type: INDEX; Schema: public; Owner: jorherol
--

CREATE INDEX django_session_session_key_c0390e0f_like ON public.django_session USING btree (session_key varchar_pattern_ops);


--
-- Name: firewalls_firewalls_geom_id; Type: INDEX; Schema: public; Owner: jorherol
--

CREATE INDEX firewalls_firewalls_geom_id ON public.firewalls_firewalls USING gist (geom);


--
-- Name: auth_group_permissio_permission_id_84c5c92e_fk_auth_perm; Type: FK CONSTRAINT; Schema: public; Owner: jorherol
--

ALTER TABLE ONLY public.auth_group_permissions
    ADD CONSTRAINT auth_group_permissio_permission_id_84c5c92e_fk_auth_perm FOREIGN KEY (permission_id) REFERENCES public.auth_permission(id) DEFERRABLE INITIALLY DEFERRED;


--
-- Name: auth_group_permissions_group_id_b120cbf9_fk_auth_group_id; Type: FK CONSTRAINT; Schema: public; Owner: jorherol
--

ALTER TABLE ONLY public.auth_group_permissions
    ADD CONSTRAINT auth_group_permissions_group_id_b120cbf9_fk_auth_group_id FOREIGN KEY (group_id) REFERENCES public.auth_group(id) DEFERRABLE INITIALLY DEFERRED;


--
-- Name: auth_permission_content_type_id_2f476e4b_fk_django_co; Type: FK CONSTRAINT; Schema: public; Owner: jorherol
--

ALTER TABLE ONLY public.auth_permission
    ADD CONSTRAINT auth_permission_content_type_id_2f476e4b_fk_django_co FOREIGN KEY (content_type_id) REFERENCES public.django_content_type(id) DEFERRABLE INITIALLY DEFERRED;


--
-- Name: auth_user_groups_group_id_97559544_fk_auth_group_id; Type: FK CONSTRAINT; Schema: public; Owner: jorherol
--

ALTER TABLE ONLY public.auth_user_groups
    ADD CONSTRAINT auth_user_groups_group_id_97559544_fk_auth_group_id FOREIGN KEY (group_id) REFERENCES public.auth_group(id) DEFERRABLE INITIALLY DEFERRED;


--
-- Name: auth_user_groups_user_id_6a12ed8b_fk_auth_user_id; Type: FK CONSTRAINT; Schema: public; Owner: jorherol
--

ALTER TABLE ONLY public.auth_user_groups
    ADD CONSTRAINT auth_user_groups_user_id_6a12ed8b_fk_auth_user_id FOREIGN KEY (user_id) REFERENCES public.auth_user(id) DEFERRABLE INITIALLY DEFERRED;


--
-- Name: auth_user_user_permi_permission_id_1fbb5f2c_fk_auth_perm; Type: FK CONSTRAINT; Schema: public; Owner: jorherol
--

ALTER TABLE ONLY public.auth_user_user_permissions
    ADD CONSTRAINT auth_user_user_permi_permission_id_1fbb5f2c_fk_auth_perm FOREIGN KEY (permission_id) REFERENCES public.auth_permission(id) DEFERRABLE INITIALLY DEFERRED;


--
-- Name: auth_user_user_permissions_user_id_a95ead1b_fk_auth_user_id; Type: FK CONSTRAINT; Schema: public; Owner: jorherol
--

ALTER TABLE ONLY public.auth_user_user_permissions
    ADD CONSTRAINT auth_user_user_permissions_user_id_a95ead1b_fk_auth_user_id FOREIGN KEY (user_id) REFERENCES public.auth_user(id) DEFERRABLE INITIALLY DEFERRED;


--
-- Name: django_admin_log_content_type_id_c4bce8eb_fk_django_co; Type: FK CONSTRAINT; Schema: public; Owner: jorherol
--

ALTER TABLE ONLY public.django_admin_log
    ADD CONSTRAINT django_admin_log_content_type_id_c4bce8eb_fk_django_co FOREIGN KEY (content_type_id) REFERENCES public.django_content_type(id) DEFERRABLE INITIALLY DEFERRED;


--
-- Name: django_admin_log_user_id_c564eba6_fk_auth_user_id; Type: FK CONSTRAINT; Schema: public; Owner: jorherol
--

ALTER TABLE ONLY public.django_admin_log
    ADD CONSTRAINT django_admin_log_user_id_c564eba6_fk_auth_user_id FOREIGN KEY (user_id) REFERENCES public.auth_user(id) DEFERRABLE INITIALLY DEFERRED;


--
-- Name: SCHEMA public; Type: ACL; Schema: -; Owner: postgres
--

REVOKE ALL ON SCHEMA public FROM PUBLIC;
REVOKE ALL ON SCHEMA public FROM postgres;
GRANT ALL ON SCHEMA public TO postgres;
GRANT ALL ON SCHEMA public TO PUBLIC;


--
-- PostgreSQL database dump complete
--

